Row_Index,RunRow,TestScenario_ID,TestScenario_DetailedDescription,Active,FirstName,LastName,MiddleInitial,PhoneNumber,PhoneExtension,PrimaryPhone,PrimaryPhone2,DoNotCall,BestTimeToCall,Relationship,Address1,Address2,ApartmentNumber,POBox,City,StateProvince,PostalCode,HttpStatus
1,TRUE,ReferencesInfo_Active,CCS_ReferencesInfo_Active_0,0,,,,,,,,,,,,,,,,,,200
2,TRUE,ReferencesInfo_Active,CCS_ReferencesInfo_Active_1,1,,,,,,,,,,,,,,,,,,200
3,TRUE,ReferencesInfo_FirstName,CCS_ReferencesInfo_FirstName,,medarametla,,,,,,,,,,,,,,,,,200
4,TRUE,ReferencesInfo_FirstName,CCS_ReferencesInfo_FirstName_Alphabetic,,ABCDE,,,,,,,,,,,,,,,,,200
5,TRUE,ReferencesInfo_FirstName,CCS_ReferencesInfo_FirstName_MaxLimit_30,,TENCHARACTTENCHARACTTENCHARACT,,,,,,,,,,,,,,,,,200
6,TRUE,ReferencesInfo_LastName,CCS_ReferencesInfo_LastName,,,medarametla,,,,,,,,,,,,,,,,200
7,TRUE,ReferencesInfo_LastName,CCS_ReferencesInfo_LastName_Alphabetic,,,ABCDE,,,,,,,,,,,,,,,,200
8,TRUE,ReferencesInfo_LastName,CCS_ReferencesInfo_LastName_MaxLimit_30,,,TENCHARACTTENCHARACTTENCHARACT,,,,,,,,,,,,,,,,200
9,TRUE,ReferencesInfo_MiddleInitial,CCS_ReferencesInfo_MiddleInitial,,,,A,,,,,,,,,,,,,,,200
10,TRUE,ReferencesInfo_MiddleInitial,CCS_ReferencesInfo_MiddleInitial_Numeric,,,,2,,,,,,,,,,,,,,,200
11,TRUE,ReferencesInfo_MiddleInitial,CCS_ReferencesInfo_MiddleInitial_SpecialCharacter,,,,$,,,,,,,,,,,,,,,200
12,TRUE,ReferencesInfo_PhoneNumber,CCS_ReferencesInfo_PhoneNumber,,,,,9999999999,,,,,,,,,,,,,,200
13,TRUE,ReferencesInfo_PhoneNumber,CCS_ReferencesInfo_PhoneNumber_Numeric,,,,,1234567890,,,,,,,,,,,,,,200
14,TRUE,ReferencesInfo_PhoneNumber,CCS_ReferencesInfo_PhoneNumber_MaxLimit_10,,,,,9876598765,,,,,,,,,,,,,,200
15,TRUE,ReferencesInfo_PhoneExtension,CCS_ReferencesInfo_PhoneExtension,,,,,,9999,,,,,,,,,,,,,200
16,TRUE,ReferencesInfo_PhoneExtension,CCS_ReferencesInfo_PhoneExtension_Numeric,,,,,,1234,,,,,,,,,,,,,200
17,TRUE,ReferencesInfo_PhoneExtension,CCS_ReferencesInfo_PhoneExtension_MaxLimit_4,,,,,,9876,,,,,,,,,,,,,200
18,TRUE,ReferencesInfo_PrimaryPhone,CCS_ReferencesInfo_PrimaryPhone_0,,,,,,,0,,,,,,,,,,,,200
19,TRUE,ReferencesInfo_PrimaryPhone,CCS_ReferencesInfo_PrimaryPhone_1,,,,,,,1,,,,,,,,,,,,200
20,TRUE,ReferencesInfo_DoNotCall,CCS_ReferencesInfo_DoNotCall_0,0,,,,,,,,,,,,,,,,,,200
21,TRUE,ReferencesInfo_DoNotCall,CCS_ReferencesInfo_DoNotCall_1,1,,,,,,,,,,,,,,,,,,200
22,TRUE,ReferencesInfo_BestTimeToCall,CCS_ReferencesInfo_BestTimeToCall_1,,,,,,,,,,1,,,,,,,,,200
23,TRUE,ReferencesInfo_BestTimeToCall,CCS_ReferencesInfo_BestTimeToCall_2,,,,,,,,,,2,,,,,,,,,200
24,TRUE,ReferencesInfo_BestTimeToCall,CCS_ReferencesInfo_BestTimeToCall_3,,,,,,,,,,3,,,,,,,,,200
25,TRUE,ReferencesInfo_Relationship,CCS_ReferencesInfo_Relationship_1,,,,,,,,,,,1,,,,,,,,200
26,TRUE,ReferencesInfo_Relationship,CCS_ReferencesInfo_Relationship_2,,,,,,,,,,,2,,,,,,,,200
27,TRUE,ReferencesInfo_Relationship,CCS_ReferencesInfo_Relationship_3,,,,,,,,,,,3,,,,,,,,200
28,TRUE,ReferencesInfo_Relationship,CCS_ReferencesInfo_Relationship_4,,,,,,,,,,,4,,,,,,,,200
29,TRUE,ReferencesInfo_Relationship,CCS_ReferencesInfo_Relationship_5,,,,,,,,,,,5,,,,,,,,200
30,TRUE,ReferencesInfo_Relationship,CCS_ReferencesInfo_Relationship_6,,,,,,,,,,,6,,,,,,,,200
31,TRUE,ReferencesInfo_Relationship,CCS_ReferencesInfo_Relationship_7,,,,,,,,,,,7,,,,,,,,200
32,TRUE,ReferencesInfo_Relationship,CCS_ReferencesInfo_Relationship_8,,,,,,,,,,,8,,,,,,,,200
33,TRUE,ReferencesInfo_Relationship,CCS_ReferencesInfo_Relationship_9,,,,,,,,,,,9,,,,,,,,200
34,TRUE,ReferencesInfo_Relationship,CCS_ReferencesInfo_Relationship_MaxLimit_1,,,,,,,,,,,9,,,,,,,,200
35,TRUE,ReferencesInfo_Address1,CCS_ReferencesInfo_Address1,,,,,,,,,,,,1445 Allens Bridge,,,,,,,200
36,TRUE,ReferencesInfo_Address1,CCS_ReferencesInfo_Address1_Numeric,,,,,,,,,,,,1234567890,,,,,,,200
37,TRUE,ReferencesInfo_Address1,CCS_ReferencesInfo_Address1_Alphabetic,,,,,,,,,,,,ABCDEFGH,,,,,,,200
38,TRUE,ReferencesInfo_Address1,CCS_ReferencesInfo_Address1_AlphaNumeric,,,,,,,,,,,,ABC12345,,,,,,,200
39,TRUE,ReferencesInfo_Address1,CCS_ReferencesInfo_Address1_SpecialCharacter,,,,,,,,,,,,#$%*()#$,,,,,,,200
40,TRUE,ReferencesInfo_Address1,CCS_ReferencesInfo_Address1_SpecialChar,,,,,,,,,,,,123-Road1#$%,,,,,,,200
41,TRUE,ReferencesInfo_Address1,CCS_ReferencesInfo_Address1_SpecialCharHyphen,,,,,,,,,,,,abcd-ed-gh,,,,,,,200
42,TRUE,ReferencesInfo_Address1,CCS_ReferencesInfo_Address1_Characters_20,,,,,,,,,,,,TENCHARACTTENCHARACT,,,,,,,200
43,TRUE,ReferencesInfo_Address1,CCS_ReferencesInfo_Address1_MaxLimit_30,,,,,,,,,,,,TENCHARACTTENCHARACTTENCHARACT,,,,,,,200
44,TRUE,ReferencesInfo_Address2,CCS_ReferencesInfo_Address2,,,,,,,,,,,,,1445 Allens Bridge,,,,,,200
45,TRUE,ReferencesInfo_Address2,CCS_ReferencesInfo_Address2_Numeric,,,,,,,,,,,,,1234567890,,,,,,200
46,TRUE,ReferencesInfo_Address2,CCS_ReferencesInfo_Address2_Alphabetic,,,,,,,,,,,,,ABCDEFGH,,,,,,200
47,TRUE,ReferencesInfo_Address2,CCS_ReferencesInfo_Address2_AlphaNumeric,,,,,,,,,,,,,ABC12345,,,,,,200
48,TRUE,ReferencesInfo_Address2,CCS_ReferencesInfo_Address2_SpecialCharacter,,,,,,,,,,,,,#$%*()#$,,,,,,200
49,TRUE,ReferencesInfo_Address2,CCS_ReferencesInfo_Address2_SpecialChar,,,,,,,,,,,,,123-Road1#$%,,,,,,200
50,TRUE,ReferencesInfo_Address2,CCS_ReferencesInfo_Address2_SpecialCharHyphen,,,,,,,,,,,,,abcd-ed-gh,,,,,,200
51,TRUE,ReferencesInfo_Address2,CCS_ReferencesInfo_Address2_Characters_20,,,,,,,,,,,,,TENCHARACTTENCHARACT,,,,,,200
52,TRUE,ReferencesInfo_Address2,CCS_ReferencesInfo_Address2_MaxLimit_30,,,,,,,,,,,,,TENCHARACTTENCHARACTTENCHARACT,,,,,,200
53,TRUE,ReferencesInfo_ApartmentNumber,CCS_ReferencesInfo_ApartmentNumber_Numeric,,,,,,,,,,,,,,123456,,,,,200
54,TRUE,ReferencesInfo_POBox,CCS_ReferencesInfo_POBox,,,,,,,,,,,,,,,1445A,,,,200
55,TRUE,ReferencesInfo_POBox,CCS_ReferencesInfo_POBox_Numeric,,,,,,,,,,,,,,,123456,,,,200
56,TRUE,ReferencesInfo_POBox,CCS_ReferencesInfo_POBox_Alphabetic,,,,,,,,,,,,,,,ABCDEF,,,,200
57,TRUE,ReferencesInfo_POBox,CCS_ReferencesInfo_POBox_AlphaNumeric,,,,,,,,,,,,,,,ABC123,,,,200
58,TRUE,ReferencesInfo_POBox,CCS_ReferencesInfo_POBox_SpecialCharacter,,,,,,,,,,,,,,,#$%*(),,,,200
59,TRUE,ReferencesInfo_POBox,CCS_ReferencesInfo_POBox_SpecialChar,,,,,,,,,,,,,,,1-Rd#$,,,,200
60,TRUE,ReferencesInfo_POBox,CCS_ReferencesInfo_POBox_SpecialCharHyphen,,,,,,,,,,,,,,,ab-e-g,,,,200
61,TRUE,ReferencesInfo_POBox,CCS_ReferencesInfo_POBox_Characters_20,,,,,,,,,,,,,,,TENCH,,,,200
62,TRUE,ReferencesInfo_POBox,CCS_ReferencesInfo_POBox_MaxLimit_30,,,,,,,,,,,,,,,TENCHA,,,,200
63,TRUE,ReferencesInfo_City,CCS_ReferencesInfo_City,,,,,,,,,,,,,,,,1445 Allens Bridge,,,200
64,TRUE,ReferencesInfo_City,CCS_ReferencesInfo_City_Numeric,,,,,,,,,,,,,,,,1234567890,,,200
65,TRUE,ReferencesInfo_City,CCS_ReferencesInfo_City_Alphabetic,,,,,,,,,,,,,,,,ABCDEFGH,,,200
66,TRUE,ReferencesInfo_City,CCS_ReferencesInfo_City_AlphaNumeric,,,,,,,,,,,,,,,,ABC12345,,,200
67,TRUE,ReferencesInfo_City,CCS_ReferencesInfo_City_SpecialCharacter,,,,,,,,,,,,,,,,#$%*()#$,,,200
68,TRUE,ReferencesInfo_City,CCS_ReferencesInfo_City_SpecialChar,,,,,,,,,,,,,,,,123-Road1#$%,,,200
69,TRUE,ReferencesInfo_City,CCS_ReferencesInfo_City_SpecialCharHyphen,,,,,,,,,,,,,,,,abcd-ed-gh,,,200
70,TRUE,ReferencesInfo_City,CCS_ReferencesInfo_City_Characters_19,,,,,,,,,,,,,,,,TENCHARACTTENCHARAC,,,200
71,TRUE,ReferencesInfo_City,CCS_ReferencesInfo_City_MaxLimit_20,,,,,,,,,,,,,,,,TENCHARACTTENCHARACT,,,200
72,TRUE,ReferencesInfo_StateProvince,CCS_ReferencesInfo_StateProvince_TX,,,,,,,,,,,,,,,,,TX,,200
73,TRUE,ReferencesInfo_StateProvince,CCS_ReferencesInfo_StateProvince_AZ,,,,,,,,,,,,,,,,,AZ,,200
74,TRUE,ReferencesInfo_StateProvince,CCS_ReferencesInfo_StateProvince_AL,,,,,,,,,,,,,,,,,AL,,200
75,TRUE,ReferencesInfo_StateProvince,CCS_ReferencesInfo_StateProvince_AK,,,,,,,,,,,,,,,,,AK,,200
76,TRUE,ReferencesInfo_StateProvince,CCS_ReferencesInfo_StateProvince_AR,,,,,,,,,,,,,,,,,AR,,200
77,TRUE,ReferencesInfo_StateProvince,CCS_ReferencesInfo_StateProvince_CA,,,,,,,,,,,,,,,,,CA,,200
78,TRUE,ReferencesInfo_StateProvince,CCS_ReferencesInfo_StateProvince_CO,,,,,,,,,,,,,,,,,CO,,200
79,TRUE,ReferencesInfo_StateProvince,CCS_ReferencesInfo_StateProvince_CT,,,,,,,,,,,,,,,,,CT,,200
80,TRUE,ReferencesInfo_StateProvince,CCS_ReferencesInfo_StateProvince_DE,,,,,,,,,,,,,,,,,DE,,200
81,TRUE,ReferencesInfo_StateProvince,CCS_ReferencesInfo_StateProvince_FL,,,,,,,,,,,,,,,,,FL,,200
82,TRUE,ReferencesInfo_StateProvince,CCS_ReferencesInfo_StateProvince_GA,,,,,,,,,,,,,,,,,GA,,200
83,TRUE,ReferencesInfo_StateProvince,CCS_ReferencesInfo_StateProvince_HI,,,,,,,,,,,,,,,,,HI,,200
84,TRUE,ReferencesInfo_StateProvince,CCS_ReferencesInfo_StateProvince_ID,,,,,,,,,,,,,,,,,ID,,200
85,TRUE,ReferencesInfo_StateProvince,CCS_ReferencesInfo_StateProvince_IL,,,,,,,,,,,,,,,,,IL,,200
86,TRUE,ReferencesInfo_StateProvince,CCS_ReferencesInfo_StateProvince_IN,,,,,,,,,,,,,,,,,IN,,200
87,TRUE,ReferencesInfo_StateProvince,CCS_ReferencesInfo_StateProvince_IA,,,,,,,,,,,,,,,,,IA,,200
88,TRUE,ReferencesInfo_StateProvince,CCS_ReferencesInfo_StateProvince_KS,,,,,,,,,,,,,,,,,KS,,200
89,TRUE,ReferencesInfo_StateProvince,CCS_ReferencesInfo_StateProvince_KY,,,,,,,,,,,,,,,,,KY,,200
90,TRUE,ReferencesInfo_StateProvince,CCS_ReferencesInfo_StateProvince_LA,,,,,,,,,,,,,,,,,LA,,200
91,TRUE,ReferencesInfo_StateProvince,CCS_ReferencesInfo_StateProvince_TN,,,,,,,,,,,,,,,,,TN,,200
92,TRUE,ReferencesInfo_StateProvince,CCS_ReferencesInfo_StateProvince_NC,,,,,,,,,,,,,,,,,NC,,200
93,TRUE,ReferencesInfo_StateProvince,CCS_ReferencesInfo_StateProvince_NY,,,,,,,,,,,,,,,,,NY,,200
94,TRUE,ReferencesInfo_StateProvince,CCS_ReferencesInfo_StateProvince_WA,,,,,,,,,,,,,,,,,WA,,200
95,TRUE,ReferencesInfo_StateProvince,CCS_ReferencesInfo_StateProvince_WV,,,,,,,,,,,,,,,,,WV,,200
96,TRUE,ReferencesInfo_PostalCode,CCS_ReferencesInfo_PostalCode,,,,,,,,,,,,,,,,,,999999999,200
97,TRUE,ReferencesInfo_PostalCode,CCS_ReferencesInfo_PostalCode_Numeric,,,,,,,,,,,,,,,,,,912345678,200
98,TRUE,ReferencesInfo_PostalCode,CCS_ReferencesInfo_PostalCode_Characters_5,,,,,,,,,,,,,,,,,,98765,200
99,TRUE,ReferencesInfo_PostalCode,CCS_ReferencesInfo_PostalCode_MaxLimit_9,,,,,,,,,,,,,,,,,,987654321,200
100,TRUE,ReferencesInfo_Null_Active,CCS_ReferencesInfo_Null_Active,,,,,,,,,,,,,,,,,,,200
101,TRUE,ReferencesInfo_Null_FirstName,CCS_ReferencesInfo_Null_FirstName,,,,,,,,,,,,,,,,,,,200
102,TRUE,ReferencesInfo_Null_LastName,CCS_ReferencesInfo_Null_LastName,,,,,,,,,,,,,,,,,,,200
103,TRUE,ReferencesInfo_Null_MiddleInitial,CCS_ReferencesInfo_Null_MiddleInitial,,,,,,,,,,,,,,,,,,,200
104,TRUE,ReferencesInfo_Null_PhoneNumber,CCS_ReferencesInfo_Null_PhoneNumber,,,,,,,,,,,,,,,,,,,200
105,TRUE,ReferencesInfo_Null_PhoneExtension,CCS_ReferencesInfo_Null_PhoneExtension,,,,,,,,,,,,,,,,,,,200
106,TRUE,ReferencesInfo_Null_PrimaryPhone,CCS_ReferencesInfo_Null_PrimaryPhone,,,,,,,,,,,,,,,,,,,200
107,TRUE,ReferencesInfo_Null_DoNotCall,CCS_ReferencesInfo_Null_DoNotCall,,,,,,,,,,,,,,,,,,,200
108,TRUE,ReferencesInfo_Null_BestTimeToCall,CCS_ReferencesInfo_Null_BestTimeToCall,,,,,,,,,,,,,,,,,,,200
109,TRUE,ReferencesInfo_Null_Relationship,CCS_ReferencesInfo_Null_Relationship,,,,,,,,,,,,,,,,,,,200
110,TRUE,ReferencesInfo_Null_Address1,CCS_ReferencesInfo_Null_Address1,,,,,,,,,,,,,,,,,,,200
111,TRUE,ReferencesInfo_Null_Address2,CCS_ReferencesInfo_Null_Address2,,,,,,,,,,,,,,,,,,,200
112,TRUE,ReferencesInfo_Null_ApartmentNumber,CCS_ReferencesInfo_Null_ApartmentNumber,,,,,,,,,,,,,,,,,,,200
113,TRUE,ReferencesInfo_Null_POBox,CCS_ReferencesInfo_Null_POBox,,,,,,,,,,,,,,,,,,,200
114,TRUE,ReferencesInfo_Null_City,CCS_ReferencesInfo_Null_City,,,,,,,,,,,,,,,,,,,200
115,TRUE,ReferencesInfo_Null_StateProvince,CCS_ReferencesInfo_Null_StateProvince,,,,,,,,,,,,,,,,,,,200
116,TRUE,ReferencesInfo_Null_PostalCode,CCS_ReferencesInfo_Null_PostalCode,,,,,,,,,,,,,,,,,,,200
