Row_Index,RunRow,TestScenario_ID,TestScenario_DetailedDescription,Relationship,Employer,MonthlyIncome,Schedule,EmploymentStatus,EmploymentStartDate,EmployerDepartment,LengthOfEmployment,PrimarySourceOfIncome,PhoneNumber,PhoneExtension,PrimaryPhone,PrimaryPhone2,BestTimeToCall,PhoneType,ContactName,PostalCode,Country,PrimaryAddress,AddressType,Address1,Address2,ApartmentNumber,POBox,City,CreateCustomerFlag,LandlordFirstName,LandlordLastName,LandlordPhoneNumber,FirstName,LastName,MiddleInitial,DateOfBirth,Email,CustomerID,IDNumber,IDType,StateProvince,CustomerAccountID,LineOfBusinessType,CustomerVerified,OwnershipType,POSType,LanguagePreference,DoNotVisit,DoNotCall,Active,ChecksAllowed,ACHAllowed,EpayAllowed,AutopayAllowed,EnrollinAutopay,EnrollinEpay,NationalIDNumber,HttpStatus
1,TRUE,EmployerInfo_Employer,CCS_EmployerInfo_Employer_Numeric,,1234567890,,,,,,,,,,,,,,,,,,,,,,,,,,,,,,,,,,,,,,,,,,,,,,,,,,,,,
2,TRUE,EmployerInfo_Employer,CCS_EmployerInfo_Employer_Alphabetic,,ABCDEFGH,,,,,,,,,,,,,,,,,,,,,,,,,,,,,,,,,,,,,,,,,,,,,,,,,,,,,
3,TRUE,EmployerInfo_Employer,CCS_EmployerInfo_Employer_AlphaNumeric,,ABC12345,,,,,,,,,,,,,,,,,,,,,,,,,,,,,,,,,,,,,,,,,,,,,,,,,,,,,
4,TRUE,EmployerInfo_Employer,CCS_EmployerInfo_Employer_SpecialCharacter,,#$%*()#$,,,,,,,,,,,,,,,,,,,,,,,,,,,,,,,,,,,,,,,,,,,,,,,,,,,,,
5,TRUE,EmployerInfo_Employer,CCS_EmployerInfo_Employer_SpecialCharSlash,,10/10/1984,,,,,,,,,,,,,,,,,,,,,,,,,,,,,,,,,,,,,,,,,,,,,,,,,,,,,
6,TRUE,EmployerInfo_Employer,CCS_EmployerInfo_Employer_SpecialCharHyphen,,abcd-ed-gh,,,,,,,,,,,,,,,,,,,,,,,,,,,,,,,,,,,,,,,,,,,,,,,,,,,,,
7,TRUE,EmployerInfo_Employer,CCS_EmployerInfo_Employer_Characters_20,,TENCHARACTTENCHARACT,,,,,,,,,,,,,,,,,,,,,,,,,,,,,,,,,,,,,,,,,,,,,,,,,,,,,
8,TRUE,EmployerInfo_Employer,CCS_EmployerInfo_Employer_MaxLimit_30,,TENCHARACTTENCHARACTTENCHARACT,,,,,,,,,,,,,,,,,,,,,,,,,,,,,,,,,,,,,,,,,,,,,,,,,,,,,
9,TRUE,EmployerInfo_Address1,CCS_EmployerInfo_Address1,,,,,,,,,,,,,,,,,,,,,1445 Allens Bridge,,,,,,,,,,,,,,,,,,,,,,,,,,,,,,,,,,
10,TRUE,EmployerInfo_Address1,CCS_EmployerInfo_Address1_Numeric,,,,,,,,,,,,,,,,,,,,,1234567890,,,,,,,,,,,,,,,,,,,,,,,,,,,,,,,,,,
11,TRUE,EmployerInfo_Address1,CCS_EmployerInfo_Address1_Alphabetic,,,,,,,,,,,,,,,,,,,,,ABCDEFGH,,,,,,,,,,,,,,,,,,,,,,,,,,,,,,,,,,
12,TRUE,EmployerInfo_Address1,CCS_EmployerInfo_Address1_AlphaNumeric,,,,,,,,,,,,,,,,,,,,,ABC12345,,,,,,,,,,,,,,,,,,,,,,,,,,,,,,,,,,
13,TRUE,EmployerInfo_Address1,CCS_EmployerInfo_Address1_SpecialCharacter,,,,,,,,,,,,,,,,,,,,,#$%*()#$,,,,,,,,,,,,,,,,,,,,,,,,,,,,,,,,,,
14,TRUE,EmployerInfo_Address1,CCS_EmployerInfo_Address1_SpecialChar,,,,,,,,,,,,,,,,,,,,,123-Road1#$%,,,,,,,,,,,,,,,,,,,,,,,,,,,,,,,,,,
15,TRUE,EmployerInfo_Address1,CCS_EmployerInfo_Address1_SpecialCharHyphen,,,,,,,,,,,,,,,,,,,,,abcd-ed-gh,,,,,,,,,,,,,,,,,,,,,,,,,,,,,,,,,,
16,TRUE,EmployerInfo_Address1,CCS_EmployerInfo_Address1_Characters_20,,,,,,,,,,,,,,,,,,,,,TENCHARACTTENCHARACT,,,,,,,,,,,,,,,,,,,,,,,,,,,,,,,,,,
17,TRUE,EmployerInfo_Address1,CCS_EmployerInfo_Address1_MaxLimit_30,,,,,,,,,,,,,,,,,,,,,TENCHARACTTENCHARACTTENCHARACT,,,,,,,,,,,,,,,,,,,,,,,,,,,,,,,,,,
18,TRUE,EmployerInfo_Address2,CCS_EmployerInfo_Address2,,,,,,,,,,,,,,,,,,,,,,1445 Allens Bridge,,,,,,,,,,,,,,,,,,,,,,,,,,,,,,,,,
19,TRUE,EmployerInfo_Address2,CCS_EmployerInfo_Address2_Numeric,,,,,,,,,,,,,,,,,,,,,,1234567890,,,,,,,,,,,,,,,,,,,,,,,,,,,,,,,,,
20,TRUE,EmployerInfo_Address2,CCS_EmployerInfo_Address2_Alphabetic,,,,,,,,,,,,,,,,,,,,,,ABCDEFGH,,,,,,,,,,,,,,,,,,,,,,,,,,,,,,,,,
21,TRUE,EmployerInfo_Address2,CCS_EmployerInfo_Address2_AlphaNumeric,,,,,,,,,,,,,,,,,,,,,,ABC12345,,,,,,,,,,,,,,,,,,,,,,,,,,,,,,,,,
22,TRUE,EmployerInfo_Address2,CCS_EmployerInfo_Address2_SpecialCharacter,,,,,,,,,,,,,,,,,,,,,,#$%*()#$,,,,,,,,,,,,,,,,,,,,,,,,,,,,,,,,,
23,TRUE,EmployerInfo_Address2,CCS_EmployerInfo_Address2_SpecialChar,,,,,,,,,,,,,,,,,,,,,,123-Road1#$%,,,,,,,,,,,,,,,,,,,,,,,,,,,,,,,,,
24,TRUE,EmployerInfo_Address2,CCS_EmployerInfo_Address2_SpecialCharHyphen,,,,,,,,,,,,,,,,,,,,,,abcd-ed-gh,,,,,,,,,,,,,,,,,,,,,,,,,,,,,,,,,
25,TRUE,EmployerInfo_Address2,CCS_EmployerInfo_Address2_Characters_20,,,,,,,,,,,,,,,,,,,,,,TENCHARACTTENCHARACT,,,,,,,,,,,,,,,,,,,,,,,,,,,,,,,,,
26,TRUE,EmployerInfo_Address2,CCS_EmployerInfo_Address2_MaxLimit_30,,,,,,,,,,,,,,,,,,,,,,TENCHARACTTENCHARACTTENCHARACT,,,,,,,,,,,,,,,,,,,,,,,,,,,,,,,,,
27,TRUE,EmployerInfo_ApartmentNumber,CCS_EmployerInfo_ApartmentNumber_Numeric,,,,,,,,,,,,,,,,,,,,,,,123456,,,,,,,,,,,,,,,,,,,,,,,,,,,,,,,,
28,TRUE,EmployerInfo_POBox,CCS_EmployerInfo_POBox,,,,,,,,,,,,,,,,,,,,,,,,1445A,,,,,,,,,,,,,,,,,,,,,,,,,,,,,,,
29,TRUE,EmployerInfo_POBox,CCS_EmployerInfo_POBox_Numeric,,,,,,,,,,,,,,,,,,,,,,,,123456,,,,,,,,,,,,,,,,,,,,,,,,,,,,,,,
30,TRUE,EmployerInfo_POBox,CCS_EmployerInfo_POBox_Alphabetic,,,,,,,,,,,,,,,,,,,,,,,,ABCDEF,,,,,,,,,,,,,,,,,,,,,,,,,,,,,,,
31,TRUE,EmployerInfo_POBox,CCS_EmployerInfo_POBox_AlphaNumeric,,,,,,,,,,,,,,,,,,,,,,,,ABC123,,,,,,,,,,,,,,,,,,,,,,,,,,,,,,,
32,TRUE,EmployerInfo_POBox,CCS_EmployerInfo_POBox_SpecialCharacter,,,,,,,,,,,,,,,,,,,,,,,,#$%*(),,,,,,,,,,,,,,,,,,,,,,,,,,,,,,,
33,TRUE,EmployerInfo_POBox,CCS_EmployerInfo_POBox_SpecialChar,,,,,,,,,,,,,,,,,,,,,,,,1-Rd#$,,,,,,,,,,,,,,,,,,,,,,,,,,,,,,,
34,TRUE,EmployerInfo_POBox,CCS_EmployerInfo_POBox_SpecialCharHyphen,,,,,,,,,,,,,,,,,,,,,,,,ab-e-g,,,,,,,,,,,,,,,,,,,,,,,,,,,,,,,
35,TRUE,EmployerInfo_POBox,CCS_EmployerInfo_POBox_Characters_20,,,,,,,,,,,,,,,,,,,,,,,,TENCH,,,,,,,,,,,,,,,,,,,,,,,,,,,,,,,
36,TRUE,EmployerInfo_POBox,CCS_EmployerInfo_POBox_MaxLimit_30,,,,,,,,,,,,,,,,,,,,,,,,TENCHA,,,,,,,,,,,,,,,,,,,,,,,,,,,,,,,
37,TRUE,EmployerInfo_City,CCS_EmployerInfo_City,,,,,,,,,,,,,,,,,,,,,,,,,1445 Allens Bridge,,,,,,,,,,,,,,,,,,,,,,,,,,,,,,
38,TRUE,EmployerInfo_City,CCS_EmployerInfo_City_Numeric,,,,,,,,,,,,,,,,,,,,,,,,,1234567890,,,,,,,,,,,,,,,,,,,,,,,,,,,,,,
39,TRUE,EmployerInfo_City,CCS_EmployerInfo_City_Alphabetic,,,,,,,,,,,,,,,,,,,,,,,,,ABCDEFGH,,,,,,,,,,,,,,,,,,,,,,,,,,,,,,
40,TRUE,EmployerInfo_City,CCS_EmployerInfo_City_AlphaNumeric,,,,,,,,,,,,,,,,,,,,,,,,,ABC12345,,,,,,,,,,,,,,,,,,,,,,,,,,,,,,
41,TRUE,EmployerInfo_City,CCS_EmployerInfo_City_SpecialCharacter,,,,,,,,,,,,,,,,,,,,,,,,,#$%*()#$,,,,,,,,,,,,,,,,,,,,,,,,,,,,,,
42,TRUE,EmployerInfo_City,CCS_EmployerInfo_City_SpecialChar,,,,,,,,,,,,,,,,,,,,,,,,,123-Road1#$%,,,,,,,,,,,,,,,,,,,,,,,,,,,,,,
43,TRUE,EmployerInfo_City,CCS_EmployerInfo_City_SpecialCharHyphen,,,,,,,,,,,,,,,,,,,,,,,,,abcd-ed-gh,,,,,,,,,,,,,,,,,,,,,,,,,,,,,,
44,TRUE,EmployerInfo_City,CCS_EmployerInfo_City_Characters_19,,,,,,,,,,,,,,,,,,,,,,,,,TENCHARACTTENCHARAC,,,,,,,,,,,,,,,,,,,,,,,,,,,,,,
45,TRUE,EmployerInfo_City,CCS_EmployerInfo_City_MaxLimit_20,,,,,,,,,,,,,,,,,,,,,,,,,TENCHARACTTENCHARACT,,,,,,,,,,,,,,,,,,,,,,,,,,,,,,
46,TRUE,EmployerInfo_StateProvince,CCS_EmployerInfo_StateProvince_TX,,,,,,,,,,,,,,,,,,,,,,,,,,,,,,,,,,,,,,TX,,,,,,,,,,,,,,,,,
47,TRUE,EmployerInfo_StateProvince,CCS_EmployerInfo_StateProvince_AZ,,,,,,,,,,,,,,,,,,,,,,,,,,,,,,,,,,,,,,AZ,,,,,,,,,,,,,,,,,
48,TRUE,EmployerInfo_StateProvince,CCS_EmployerInfo_StateProvince_AL,,,,,,,,,,,,,,,,,,,,,,,,,,,,,,,,,,,,,,AL,,,,,,,,,,,,,,,,,
49,TRUE,EmployerInfo_StateProvince,CCS_EmployerInfo_StateProvince_AK,,,,,,,,,,,,,,,,,,,,,,,,,,,,,,,,,,,,,,AK,,,,,,,,,,,,,,,,,
50,TRUE,EmployerInfo_StateProvince,CCS_EmployerInfo_StateProvince_AR,,,,,,,,,,,,,,,,,,,,,,,,,,,,,,,,,,,,,,AR,,,,,,,,,,,,,,,,,
51,TRUE,EmployerInfo_StateProvince,CCS_EmployerInfo_StateProvince_CA,,,,,,,,,,,,,,,,,,,,,,,,,,,,,,,,,,,,,,CA,,,,,,,,,,,,,,,,,
52,TRUE,EmployerInfo_StateProvince,CCS_EmployerInfo_StateProvince_CO,,,,,,,,,,,,,,,,,,,,,,,,,,,,,,,,,,,,,,CO,,,,,,,,,,,,,,,,,
53,TRUE,EmployerInfo_StateProvince,CCS_EmployerInfo_StateProvince_CT,,,,,,,,,,,,,,,,,,,,,,,,,,,,,,,,,,,,,,CT,,,,,,,,,,,,,,,,,
54,TRUE,EmployerInfo_StateProvince,CCS_EmployerInfo_StateProvince_DE,,,,,,,,,,,,,,,,,,,,,,,,,,,,,,,,,,,,,,DE,,,,,,,,,,,,,,,,,
55,TRUE,EmployerInfo_StateProvince,CCS_EmployerInfo_StateProvince_FL,,,,,,,,,,,,,,,,,,,,,,,,,,,,,,,,,,,,,,FL,,,,,,,,,,,,,,,,,
56,TRUE,EmployerInfo_StateProvince,CCS_EmployerInfo_StateProvince_GA,,,,,,,,,,,,,,,,,,,,,,,,,,,,,,,,,,,,,,GA,,,,,,,,,,,,,,,,,
57,TRUE,EmployerInfo_StateProvince,CCS_EmployerInfo_StateProvince_HI,,,,,,,,,,,,,,,,,,,,,,,,,,,,,,,,,,,,,,HI,,,,,,,,,,,,,,,,,
58,TRUE,EmployerInfo_StateProvince,CCS_EmployerInfo_StateProvince_ID,,,,,,,,,,,,,,,,,,,,,,,,,,,,,,,,,,,,,,ID,,,,,,,,,,,,,,,,,
59,TRUE,EmployerInfo_StateProvince,CCS_EmployerInfo_StateProvince_IL,,,,,,,,,,,,,,,,,,,,,,,,,,,,,,,,,,,,,,IL,,,,,,,,,,,,,,,,,
60,TRUE,EmployerInfo_StateProvince,CCS_EmployerInfo_StateProvince_IN,,,,,,,,,,,,,,,,,,,,,,,,,,,,,,,,,,,,,,IN,,,,,,,,,,,,,,,,,
61,TRUE,EmployerInfo_StateProvince,CCS_EmployerInfo_StateProvince_IA,,,,,,,,,,,,,,,,,,,,,,,,,,,,,,,,,,,,,,IA,,,,,,,,,,,,,,,,,
62,TRUE,EmployerInfo_StateProvince,CCS_EmployerInfo_StateProvince_KS,,,,,,,,,,,,,,,,,,,,,,,,,,,,,,,,,,,,,,KS,,,,,,,,,,,,,,,,,
63,TRUE,EmployerInfo_StateProvince,CCS_EmployerInfo_StateProvince_KY,,,,,,,,,,,,,,,,,,,,,,,,,,,,,,,,,,,,,,KY,,,,,,,,,,,,,,,,,
64,TRUE,EmployerInfo_StateProvince,CCS_EmployerInfo_StateProvince_LA,,,,,,,,,,,,,,,,,,,,,,,,,,,,,,,,,,,,,,LA,,,,,,,,,,,,,,,,,
65,TRUE,EmployerInfo_StateProvince,CCS_EmployerInfo_StateProvince_TN,,,,,,,,,,,,,,,,,,,,,,,,,,,,,,,,,,,,,,TN,,,,,,,,,,,,,,,,,
66,TRUE,EmployerInfo_StateProvince,CCS_EmployerInfo_StateProvince_NC,,,,,,,,,,,,,,,,,,,,,,,,,,,,,,,,,,,,,,NC,,,,,,,,,,,,,,,,,
67,TRUE,EmployerInfo_StateProvince,CCS_EmployerInfo_StateProvince_NY,,,,,,,,,,,,,,,,,,,,,,,,,,,,,,,,,,,,,,NY,,,,,,,,,,,,,,,,,
68,TRUE,EmployerInfo_StateProvince,CCS_EmployerInfo_StateProvince_WA,,,,,,,,,,,,,,,,,,,,,,,,,,,,,,,,,,,,,,WA,,,,,,,,,,,,,,,,,
69,TRUE,EmployerInfo_StateProvince,CCS_EmployerInfo_StateProvince_WV,,,,,,,,,,,,,,,,,,,,,,,,,,,,,,,,,,,,,,WV,,,,,,,,,,,,,,,,,
70,TRUE,EmployerInfo_PostalCode,CCS_EmployerInfo_PostalCode,,,,,,,,,,,,,,,,,999999999,,,,,,,,,,,,,,,,,,,,,,,,,,,,,,,,,,,,,,
71,TRUE,EmployerInfo_PostalCode,CCS_EmployerInfo_PostalCode_Numeric,,,,,,,,,,,,,,,,,912345678,,,,,,,,,,,,,,,,,,,,,,,,,,,,,,,,,,,,,,
72,TRUE,EmployerInfo_PostalCode,CCS_EmployerInfo_PostalCode_Characters_5,,,,,,,,,,,,,,,,,98765,,,,,,,,,,,,,,,,,,,,,,,,,,,,,,,,,,,,,,
73,TRUE,EmployerInfo_PostalCode,CCS_EmployerInfo_PostalCode_MaxLimit_9,,,,,,,,,,,,,,,,,987654321,,,,,,,,,,,,,,,,,,,,,,,,,,,,,,,,,,,,,,
74,TRUE,EmployerInfo_EmploymentStatus,CCS_EmployerInfo_EmploymentStatus_0,,,,,0,,,,,,,,,,,,,,,,,,,,,,,,,,,,,,,,,,,,,,,,,,,,,,,,,,
75,TRUE,EmployerInfo_EmploymentStatus,CCS_EmployerInfo_EmploymentStatus_1,,,,,1,,,,,,,,,,,,,,,,,,,,,,,,,,,,,,,,,,,,,,,,,,,,,,,,,,
76,TRUE,EmployerInfo_EmploymentStartDate,CCS_EmployerInfo_EmploymentStartDate,,,,,,20090101,,,,,,,,,,,,,,,,,,,,,,,,,,,,,,,,,,,,,,,,,,,,,,,,,
77,TRUE,EmployerInfo_LengthOfEmployment,CCS_EmployerInfo_LengthOfEmployment,,,,,,,,99999,,,,,,,,,,,,,,,,,,,,,,,,,,,,,,,,,,,,,,,,,,,,,,,
78,TRUE,EmployerInfo_LengthOfEmployment,CCS_EmployerInfo_LengthOfEmployment_Numeric,,,,,,,,12345,,,,,,,,,,,,,,,,,,,,,,,,,,,,,,,,,,,,,,,,,,,,,,,
79,TRUE,EmployerInfo_LengthOfEmployment,CCS_EmployerInfo_LengthOfEmployment_MaxLimit_5,,,,,,,,98765,,,,,,,,,,,,,,,,,,,,,,,,,,,,,,,,,,,,,,,,,,,,,,,
80,TRUE,EmployerInfo_PhoneNumber,CCS_EmployerInfo_PhoneNumber,,,,,,,,,,9999999999,,,,,,,,,,,,,,,,,,,,,,,,,,,,,,,,,,,,,,,,,,,,,
81,TRUE,EmployerInfo_PhoneNumber,CCS_EmployerInfo_PhoneNumber_Numeric,,,,,,,,,,1234567890,,,,,,,,,,,,,,,,,,,,,,,,,,,,,,,,,,,,,,,,,,,,,
82,TRUE,EmployerInfo_PhoneNumber,CCS_EmployerInfo_PhoneNumber_Alphabetic,,,,,,,,,,ABCDEFGHIJ,,,,,,,,,,,,,,,,,,,,,,,,,,,,,,,,,,,,,,,,,,,,,
83,TRUE,EmployerInfo_PhoneNumber,CCS_EmployerInfo_PhoneNumber_AlphaNumeric,,,,,,,,,,ABC12ABC12,,,,,,,,,,,,,,,,,,,,,,,,,,,,,,,,,,,,,,,,,,,,,
84,TRUE,EmployerInfo_PhoneNumber,CCS_EmployerInfo_PhoneNumber_SpecialCharacter,,,,,,,,,,#$%*(#$%*(,,,,,,,,,,,,,,,,,,,,,,,,,,,,,,,,,,,,,,,,,,,,,
85,TRUE,EmployerInfo_PhoneNumber,CCS_EmployerInfo_PhoneNumber_SpecialChar,,,,,,,,,,(9-9)99/99,,,,,,,,,,,,,,,,,,,,,,,,,,,,,,,,,,,,,,,,,,,,,
86,TRUE,EmployerInfo_PhoneNumber,CCS_EmployerInfo_PhoneNumber_SpecialCharHyphen,,,,,,,,,,(9-9)99-99,,,,,,,,,,,,,,,,,,,,,,,,,,,,,,,,,,,,,,,,,,,,,
87,TRUE,EmployerInfo_PhoneNumber,CCS_EmployerInfo_PhoneNumber_Characters_5,,,,,,,,,,a1$%c,,,,,,,,,,,,,,,,,,,,,,,,,,,,,,,,,,,,,,,,,,,,,
88,TRUE,EmployerInfo_PhoneNumber,CCS_EmployerInfo_PhoneNumber_MaxLimit_10,,,,,,,,,,9876598765,,,,,,,,,,,,,,,,,,,,,,,,,,,,,,,,,,,,,,,,,,,,,
89,TRUE,EmployerInfo_PhoneExtension,CCS_EmployerInfo_PhoneExtension,,,,,,,,,,,9999,,,,,,,,,,,,,,,,,,,,,,,,,,,,,,,,,,,,,,,,,,,,
90,TRUE,EmployerInfo_PhoneExtension,CCS_EmployerInfo_PhoneExtension_Numeric,,,,,,,,,,,1234,,,,,,,,,,,,,,,,,,,,,,,,,,,,,,,,,,,,,,,,,,,,
91,TRUE,EmployerInfo_PhoneExtension,CCS_EmployerInfo_PhoneExtension_MaxLimit_4,,,,,,,,,,,9876,,,,,,,,,,,,,,,,,,,,,,,,,,,,,,,,,,,,,,,,,,,,
92,TRUE,EmployerInfo_PrimaryPhone,CCS_EmployerInfo_PrimaryPhone_0,,,,,,,,,,,,0,,,,,,,,,,,,,,,,,,,,,,,,,,,,,,,,,,,,,,,,,,,
93,TRUE,EmployerInfo_PrimaryPhone,CCS_EmployerInfo_PrimaryPhone_1,,,,,,,,,,,,1,,,,,,,,,,,,,,,,,,,,,,,,,,,,,,,,,,,,,,,,,,,
94,TRUE,EmployerInfo_BestTimeToCall,CCS_EmployerInfo_BestTimeToCall_1,,,,,,,,,,,,,,1,,,,,,,,,,,,,,,,,,,,,,,,,,,,,,,,,,,,,,,,,
95,TRUE,EmployerInfo_BestTimeToCall,CCS_EmployerInfo_BestTimeToCall_2,,,,,,,,,,,,,,2,,,,,,,,,,,,,,,,,,,,,,,,,,,,,,,,,,,,,,,,,
96,TRUE,EmployerInfo_BestTimeToCall,CCS_EmployerInfo_BestTimeToCall_3,,,,,,,,,,,,,,3,,,,,,,,,,,,,,,,,,,,,,,,,,,,,,,,,,,,,,,,,
97,TRUE,EmployerInfo_Department,CCS_EmployerInfo_Department,,,,,,,department deptt,,,,,,,,,,,,,,,,,,,,,,,,,,,,,,,,,,,,,,,,,,,,,,,,
98,TRUE,EmployerInfo_Department,CCS_EmployerInfo_Department_Numeric,,,,,,,1234567890,,,,,,,,,,,,,,,,,,,,,,,,,,,,,,,,,,,,,,,,,,,,,,,,
99,TRUE,EmployerInfo_Department,CCS_EmployerInfo_Department_Alphabetic,,,,,,,ABCDEFGH,,,,,,,,,,,,,,,,,,,,,,,,,,,,,,,,,,,,,,,,,,,,,,,,
100,TRUE,EmployerInfo_Department,CCS_EmployerInfo_Department_AlphaNumeric,,,,,,,ABC12345,,,,,,,,,,,,,,,,,,,,,,,,,,,,,,,,,,,,,,,,,,,,,,,,
101,TRUE,EmployerInfo_Department,CCS_EmployerInfo_Department_SpecialCharacter,,,,,,,#$%*()#$,,,,,,,,,,,,,,,,,,,,,,,,,,,,,,,,,,,,,,,,,,,,,,,,
102,TRUE,EmployerInfo_Department,CCS_EmployerInfo_Department_SpecialChar,,,,,,,123-Road1#$%,,,,,,,,,,,,,,,,,,,,,,,,,,,,,,,,,,,,,,,,,,,,,,,,
103,TRUE,EmployerInfo_Department,CCS_EmployerInfo_Department_SpecialCharHyphen,,,,,,,abcd-ed-gh,,,,,,,,,,,,,,,,,,,,,,,,,,,,,,,,,,,,,,,,,,,,,,,,
104,TRUE,EmployerInfo_Department,CCS_EmployerInfo_Department_Characters_15,,,,,,,TENCHARACTTENCH,,,,,,,,,,,,,,,,,,,,,,,,,,,,,,,,,,,,,,,,,,,,,,,,
105,TRUE,EmployerInfo_Department,CCS_EmployerInfo_Department_MaxLimit_16,,,,,,,TENCHARACTTENCHA,,,,,,,,,,,,,,,,,,,,,,,,,,,,,,,,,,,,,,,,,,,,,,,,
106,TRUE,EmployerInfo_PrimarySourceOfIncome,CCS_EmployerInfo_PrimarySourceOfIncome_1,,,,,,,,,1,,,,,,,,,,,,,,,,,,,,,,,,,,,,,,,,,,,,,,,,,,,,,,
107,TRUE,EmployerInfo_PrimarySourceOfIncome,CCS_EmployerInfo_PrimarySourceOfIncome_2,,,,,,,,,2,,,,,,,,,,,,,,,,,,,,,,,,,,,,,,,,,,,,,,,,,,,,,,
108,TRUE,EmployerInfo_PrimarySourceOfIncome,CCS_EmployerInfo_PrimarySourceOfIncome_3,,,,,,,,,3,,,,,,,,,,,,,,,,,,,,,,,,,,,,,,,,,,,,,,,,,,,,,,
109,TRUE,EmployerInfo_PrimarySourceOfIncome,CCS_EmployerInfo_PrimarySourceOfIncome_4,,,,,,,,,4,,,,,,,,,,,,,,,,,,,,,,,,,,,,,,,,,,,,,,,,,,,,,,
110,TRUE,EmployerInfo_PrimarySourceOfIncome,CCS_EmployerInfo_PrimarySourceOfIncome_5,,,,,,,,,5,,,,,,,,,,,,,,,,,,,,,,,,,,,,,,,,,,,,,,,,,,,,,,
111,TRUE,EmployerInfo_PrimarySourceOfIncome,CCS_EmployerInfo_PrimarySourceOfIncome_6,,,,,,,,,6,,,,,,,,,,,,,,,,,,,,,,,,,,,,,,,,,,,,,,,,,,,,,,
112,TRUE,EmployerInfo_MonthlyIncome,CCS_EmployerInfo_MonthlyIncome_0,,,0,,,,,,,,,,,,,,,,,,,,,,,,,,,,,,,,,,,,,,,,,,,,,,,,,,,,
113,TRUE,EmployerInfo_MonthlyIncome,CCS_EmployerInfo_MonthlyIncome_1,,,1111111.11,,,,,,,,,,,,,,,,,,,,,,,,,,,,,,,,,,,,,,,,,,,,,,,,,,,,
114,TRUE,EmployerInfo_MonthlyIncome,CCS_EmployerInfo_MonthlyIncome_2,,,9999999.99,,,,,,,,,,,,,,,,,,,,,,,,,,,,,,,,,,,,,,,,,,,,,,,,,,,,
115,TRUE,EmployerInfo_MonthlyIncome,CCS_EmployerInfo_MonthlyIncome_3,,,9999999999,,,,,,,,,,,,,,,,,,,,,,,,,,,,,,,,,,,,,,,,,,,,,,,,,,,,
116,TRUE,EmployerInfo_MonthlyIncome,CCS_EmployerInfo_MonthlyIncome_4,,,9000000000,,,,,,,,,,,,,,,,,,,,,,,,,,,,,,,,,,,,,,,,,,,,,,,,,,,,
117,TRUE,EmployerInfo_MonthlyIncome,CCS_EmployerInfo_MonthlyIncome_5,,,99999,,,,,,,,,,,,,,,,,,,,,,,,,,,,,,,,,,,,,,,,,,,,,,,,,,,,
118,TRUE,EmployerInfo_MonthlyIncome,CCS_EmployerInfo_MonthlyIncome_6,,,99999.01,,,,,,,,,,,,,,,,,,,,,,,,,,,,,,,,,,,,,,,,,,,,,,,,,,,,
119,TRUE,EmployerInfo_MonthlyIncome,CCS_EmployerInfo_MonthlyIncome_7,,,999999,,,,,,,,,,,,,,,,,,,,,,,,,,,,,,,,,,,,,,,,,,,,,,,,,,,,
120,TRUE,EmployerInfo_MonthlyIncome,CCS_EmployerInfo_MonthlyIncome_8,,,99999.99,,,,,,,,,,,,,,,,,,,,,,,,,,,,,,,,,,,,,,,,,,,,,,,,,,,,
121,TRUE,EmployerInfo_MonthlyIncome,CCS_EmployerInfo_MonthlyIncome_MaxLimit_10,,,9999999.99,,,,,,,,,,,,,,,,,,,,,,,,,,,,,,,,,,,,,,,,,,,,,,,,,,,,
122,TRUE,EmployerInfo_Schedule,CCS_EmployerInfo_Schedule_1,,,,1,,,,,,,,,,,,,,,,,,,,,,,,,,,,,,,,,,,,,,,,,,,,,,,,,,,
123,TRUE,EmployerInfo_Schedule,CCS_EmployerInfo_Schedule_2,,,,2,,,,,,,,,,,,,,,,,,,,,,,,,,,,,,,,,,,,,,,,,,,,,,,,,,,
124,TRUE,EmployerInfo_Schedule,CCS_EmployerInfo_Schedule_3,,,,3,,,,,,,,,,,,,,,,,,,,,,,,,,,,,,,,,,,,,,,,,,,,,,,,,,,
125,TRUE,EmployerInfo_Schedule,CCS_EmployerInfo_Schedule_4,,,,4,,,,,,,,,,,,,,,,,,,,,,,,,,,,,,,,,,,,,,,,,,,,,,,,,,,
126,TRUE,EmployerInfo_Null_Employer_Only,CCS_EmployerInfo_Null_Employer,,,,,,,,,2,,,,,,,,,,,,,,,,,,,,,,,,,,,,,,,,,,,,,,,,,,,,,,
127,TRUE,EmployerInfo_Null_Employer_PSOI,CCS_EmployerInfo_Null_Employer_PSOI_2,,,,,,,,,2,,,,,,,,,,,,,,,,,,,,,,,,,,,,,,,,,,,,,,,,,,,,,,
128,TRUE,EmployerInfo_Null_Employer_PSOI,CCS_EmployerInfo_Null_Employer_PSOI_3,,,,,,,,,3,,,,,,,,,,,,,,,,,,,,,,,,,,,,,,,,,,,,,,,,,,,,,,
129,TRUE,EmployerInfo_Null_Employer_PSOI,CCS_EmployerInfo_Null_Employer_PSOI_4,,,,,,,,,4,,,,,,,,,,,,,,,,,,,,,,,,,,,,,,,,,,,,,,,,,,,,,,
130,TRUE,EmployerInfo_Null_Employer_PSOI,CCS_EmployerInfo_Null_Employer_PSOI_5,,,,,,,,,5,,,,,,,,,,,,,,,,,,,,,,,,,,,,,,,,,,,,,,,,,,,,,,
131,TRUE,EmployerInfo_Null_Employer_PSOI,CCS_EmployerInfo_Null_Employer_PSOI_6,,,,,,,,,6,,,,,,,,,,,,,,,,,,,,,,,,,,,,,,,,,,,,,,,,,,,,,,
132,TRUE,EmployerInfo_Null_Address1,CCS_EmployerInfo_Null_Address1,,,,,,,,,,,,,,,,,,,,,,,,,,,,,,,,,,,,,,,,,,,,,,,,,,,,,,,
133,TRUE,EmployerInfo_Null_Address2,CCS_EmployerInfo_Null_Address2,,,,,,,,,,,,,,,,,,,,,,,,,,,,,,,,,,,,,,,,,,,,,,,,,,,,,,,
134,TRUE,EmployerInfo_Null_ApartmentNumber,CCS_EmployerInfo_Null_ApartmentNumber,,,,,,,,,,,,,,,,,,,,,,,,,,,,,,,,,,,,,,,,,,,,,,,,,,,,,,,
135,TRUE,EmployerInfo_Null_POBox,CCS_EmployerInfo_Null_POBox,,,,,,,,,,,,,,,,,,,,,,,,,,,,,,,,,,,,,,,,,,,,,,,,,,,,,,,
136,TRUE,EmployerInfo_Null_City,CCS_EmployerInfo_Null_City,,,,,,,,,,,,,,,,,,,,,,,,,,,,,,,,,,,,,,,,,,,,,,,,,,,,,,,
137,TRUE,EmployerInfo_Null_PostalCode,CCS_EmployerInfo_Null_PostalCode,,,,,,,,,,,,,,,,,,,,,,,,,,,,,,,,,,,,,,,,,,,,,,,,,,,,,,,
138,TRUE,EmployerInfo_Null_EmploymentStatus,CCS_EmployerInfo_Null_EmploymentStatus,,,,,,,,,,,,,,,,,,,,,,,,,,,,,,,,,,,,,,,,,,,,,,,,,,,,,,,
139,TRUE,EmployerInfo_Null_EmploymentStartDate,CCS_EmployerInfo_Null_EmploymentStartDate,,,,,,,,,,,,,,,,,,,,,,,,,,,,,,,,,,,,,,,,,,,,,,,,,,,,,,,
140,TRUE,EmployerInfo_Null_LengthOfEmployment_Only,CCS_EmployerInfo_Null_LengthOfEmployment,,,,,,,,,,,,,,,,,,,,,,,,,,,,,,,,,,,,,,,,,,,,,,,,,,,,,,,
141,TRUE,EmployerInfo_Null_LengthOfEmployment_PSOI,CCS_EmployerInfo_Null_LengthOfEmployment_PSOI_2,,,,,,,,,2,,,,,,,,,,,,,,,,,,,,,,,,,,,,,,,,,,,,,,,,,,,,,,
142,TRUE,EmployerInfo_Null_LengthOfEmployment_PSOI,CCS_EmployerInfo_Null_LengthOfEmployment_PSOI_3,,,,,,,,,3,,,,,,,,,,,,,,,,,,,,,,,,,,,,,,,,,,,,,,,,,,,,,,
143,TRUE,EmployerInfo_Null_LengthOfEmployment_PSOI,CCS_EmployerInfo_Null_LengthOfEmployment_PSOI_4,,,,,,,,,4,,,,,,,,,,,,,,,,,,,,,,,,,,,,,,,,,,,,,,,,,,,,,,
144,TRUE,EmployerInfo_Null_LengthOfEmployment_PSOI,CCS_EmployerInfo_Null_LengthOfEmployment_PSOI_5,,,,,,,,,5,,,,,,,,,,,,,,,,,,,,,,,,,,,,,,,,,,,,,,,,,,,,,,
145,TRUE,EmployerInfo_Null_LengthOfEmployment_PSOI,CCS_EmployerInfo_Null_LengthOfEmployment_PSOI_6,,,,,,,,,6,,,,,,,,,,,,,,,,,,,,,,,,,,,,,,,,,,,,,,,,,,,,,,
146,TRUE,EmployerInfo_Null_PhoneNumber_Only,CCS_EmployerInfo_Null_PhoneNumber,,,,,,,,,,,,,,,,,,,,,,,,,,,,,,,,,,,,,,,,,,,,,,,,,,,,,,,
147,TRUE,EmployerInfo_Null_PhoneNumber_PSOI,CCS_EmployerInfo_Null_PhoneNumber_PSOI_2,,,,,,,,,2,,,,,,,,,,,,,,,,,,,,,,,,,,,,,,,,,,,,,,,,,,,,,,
148,TRUE,EmployerInfo_Null_PhoneNumber_PSOI,CCS_EmployerInfo_Null_PhoneNumber_PSOI_3,,,,,,,,,3,,,,,,,,,,,,,,,,,,,,,,,,,,,,,,,,,,,,,,,,,,,,,,
149,TRUE,EmployerInfo_Null_PhoneNumber_PSOI,CCS_EmployerInfo_Null_PhoneNumber_PSOI_4,,,,,,,,,4,,,,,,,,,,,,,,,,,,,,,,,,,,,,,,,,,,,,,,,,,,,,,,
150,TRUE,EmployerInfo_Null_PhoneNumber_PSOI,CCS_EmployerInfo_Null_PhoneNumber_PSOI_5,,,,,,,,,5,,,,,,,,,,,,,,,,,,,,,,,,,,,,,,,,,,,,,,,,,,,,,,
151,TRUE,EmployerInfo_Null_PhoneNumber_PSOI,CCS_EmployerInfo_Null_PhoneNumber_PSOI_6,,,,,,,,,6,,,,,,,,,,,,,,,,,,,,,,,,,,,,,,,,,,,,,,,,,,,,,,
152,TRUE,EmployerInfo_Null_PhoneExtension,CCS_EmployerInfo_Null_PhoneExtension,,,,,,,,,,,,,,,,,,,,,,,,,,,,,,,,,,,,,,,,,,,,,,,,,,,,,,,
153,TRUE,EmployerInfo_Null_PrimaryPhone,CCS_EmployerInfo_Null_PrimaryPhone,,,,,,,,,,,,,,,,,,,,,,,,,,,,,,,,,,,,,,,,,,,,,,,,,,,,,,,
154,TRUE,EmployerInfo_Null_StateProvince,CCS_EmployerInfo_Null_StateProvince,,,,,,,,,,,,,,,,,,,,,,,,,,,,,,,,,,,,,,,,,,,,,,,,,,,,,,,
155,TRUE,EmployerInfo_Null_BestTimeToCall,CCS_EmployerInfo_Null_BestTimeToCall,,,,,,,,,,,,,,,,,,,,,,,,,,,,,,,,,,,,,,,,,,,,,,,,,,,,,,,
156,TRUE,EmployerInfo_Null_Department,CCS_EmployerInfo_Null_Department,,,,,,,,,,,,,,,,,,,,,,,,,,,,,,,,,,,,,,,,,,,,,,,,,,,,,,,
157,TRUE,EmployerInfo_Null_PrimarySourceOfIncome,CCS_EmployerInfo_Null_PrimarySourceOfIncome,,,,,,,,,,,,,,,,,,,,,,,,,,,,,,,,,,,,,,,,,,,,,,,,,,,,,,,
158,TRUE,EmployerInfo_Null_MonthlyIncome_PSOI,CCS_EmployerInfo_Null_MonthlyIncome_PSOI_1,,,,,,,,,,,,,,,,,,,,,,,,,,,,,,,,,,,,,,,,,,,,,,,,,,,,,,,
159,TRUE,EmployerInfo_Null_Schedule,CCS_EmployerInfo_Null_Schedule,,,,,,,,,,,,,,,,,,,,,,,,,,,,,,,,,,,,,,,,,,,,,,,,,,,,,,,
